{
    "$schema": "https://schema.management.azure.com/schemas/2015-01-01/deploymentParameters.json#",
    "contentVersion": "1.0.0.0",
    "parameters": {
        "apimName": {
            "value": "Multisoftenterprise"
        },
        "location": {
            "value": "northeurope"
        },
        "tier": {
            "value": "Premium"
        },
        "capacity": {
            "value": "2"
        },
        "adminEmail": {
            "value": "kmarita@uth.gr"
        },
        "organizationName": {
            "value": "Multisoftenterprise"
        },
        "virtualNetworkType": {
            "value": "Internal"
        },
        "tagsByResource": {
            "value": {}
        },
        "vnet": {
            "value": {
                "name": "MultisoftNet",
                "addressPrefixes": [
                    [
                        "10.0.0.0/16"
                    ]
                ],
                "selectedSubnetName": "default",
                "resourceGroup": "multisoftenterprise",
                "subnetId": "/subscriptions/221b6138-49d8-4cf6-b67b-c3f5de5554cb/resourceGroups/multisoftenterprise/providers/Microsoft.Network/virtualNetworks/MultisoftNet/subnets/default"
            }
        },
        "zones": {
            "value": [
                "1",
                "2"
            ]
        },
        "customProperties": {
            "value": {}
        },
        "identity": {
            "value": {
                "type": "None"
            }
        },
        "appInsightsObject": {
            "value": {
                "id": "/subscriptions/221b6138-49d8-4cf6-b67b-c3f5de5554cb/resourceGroups/multisoftenterprise/providers/microsoft.insights/components/multisoftenterprise",
                "name": "multisoftenterprise"
            }
        },
        "privateDnsDeploymentName": {
            "value": "PrivateDNS-1746118651182"
        },
        "subnetDeploymentName": {
            "value": "UpdateSubnetDeployment-1746118651182"
        }
    }
}