{
    "$schema": "https://schema.management.azure.com/schemas/2015-01-01/deploymentParameters.json#",
    "contentVersion": "1.0.0.0",
    "parameters": {
        "subscriptionId": {
            "value": "221b6138-49d8-4cf6-b67b-c3f5de5554cb"
        },
        "resourceGroupName": {
            "value": "multisoftenterprise"
        },
        "name": {
            "value": "multisoftenterprise"
        },
        "location": {
            "value": "North Europe"
        },
        "hostingPlanName": {
            "value": "ASP-multisoftenterprise-897b"
        },
        "serverFarmResourceGroup": {
            "value": "multisoftenterprise"
        },
        "alwaysOn": {
            "value": true
        },
        "ftpsState": {
            "value": "FtpsOnly"
        },
        "autoGeneratedDomainNameLabelScope": {
            "value": "TenantReuse"
        },
        "sku": {
            "value": "Premium0V3"
        },
        "skuCode": {
            "value": "P0V3"
        },
        "numberOfWorkers": {
            "value": "1"
        },
        "workerSize": {
            "value": "18"
        },
        "workerSizeId": {
            "value": "18"
        },
        "currentStack": {
            "value": "dotnet"
        },
        "phpVersion": {
            "value": "OFF"
        },
        "netFrameworkVersion": {
            "value": "v8.0"
        },
        "repoUrl": {
            "value": "https://github.com/kmarita/Trial-1"
        },
        "branch": {
            "value": "master"
        },
        "oidcUserIdentityName": {
            "value": "multisoftenterpr-id-a7ed"
        }
    }
}