{
    "$schema": "http://schema.management.azure.com/schemas/2015-01-01/deploymentTemplate.json#",
    "contentVersion": "1.0.0.0",
    "parameters": {
        "subscriptionId": {
            "type": "string"
        },
        "resourceGroupName": {
            "type": "string"
        },
        "name": {
            "type": "string"
        },
        "location": {
            "type": "string"
        },
        "hostingPlanName": {
            "type": "string"
        },
        "serverFarmResourceGroup": {
            "type": "string"
        },
        "alwaysOn": {
            "type": "bool"
        },
        "ftpsState": {
            "type": "string"
        },
        "autoGeneratedDomainNameLabelScope": {
            "type": "string"
        },
        "sku": {
            "type": "string"
        },
        "skuCode": {
            "type": "string"
        },
        "workerSize": {
            "type": "string"
        },
        "workerSizeId": {
            "type": "string"
        },
        "numberOfWorkers": {
            "type": "string"
        },
        "currentStack": {
            "type": "string"
        },
        "phpVersion": {
            "type": "string"
        },
        "netFrameworkVersion": {
            "type": "string"
        },
        "repoUrl": {
            "type": "string"
        },
        "branch": {
            "type": "string"
        },
        "oidcUserIdentityName": {
            "type": "string"
        }
    },
    "variables": {
        "inboundSubnetDeployment": "inboundSubnetDeployment",
        "outboundSubnetDeployment": "outboundSubnetDeployment"
    },
    "resources": [
        {
            "apiVersion": "2022-03-01",
            "name": "[parameters('name')]",
            "type": "Microsoft.Web/sites",
            "location": "[parameters('location')]",
            "tags": {},
            "dependsOn": [
                "microsoft.insights/components/multisoftenterprise",
                "[concat('Microsoft.Web/serverfarms/', parameters('hostingPlanName'))]"
            ],
            "properties": {
                "name": "[parameters('name')]",
                "siteConfig": {
                    "appSettings": [
                        {
                            "name": "APPLICATIONINSIGHTS_CONNECTION_STRING",
                            "value": "[reference('microsoft.insights/components/multisoftenterprise', '2015-05-01').ConnectionString]"
                        },
                        {
                            "name": "ApplicationInsightsAgent_EXTENSION_VERSION",
                            "value": "~2"
                        },
                        {
                            "name": "XDT_MicrosoftApplicationInsights_Mode",
                            "value": "default"
                        }
                    ],
                    "metadata": [
                        {
                            "name": "CURRENT_STACK",
                            "value": "[parameters('currentStack')]"
                        }
                    ],
                    "phpVersion": "[parameters('phpVersion')]",
                    "netFrameworkVersion": "[parameters('netFrameworkVersion')]",
                    "alwaysOn": "[parameters('alwaysOn')]",
                    "ftpsState": "[parameters('ftpsState')]"
                },
                "serverFarmId": "[concat('/subscriptions/', parameters('subscriptionId'),'/resourcegroups/', parameters('serverFarmResourceGroup'), '/providers/Microsoft.Web/serverfarms/', parameters('hostingPlanName'))]",
                "clientAffinityEnabled": true,
                "virtualNetworkSubnetId": null,
                "httpsOnly": true,
                "publicNetworkAccess": "Enabled",
                "autoGeneratedDomainNameLabelScope": "[parameters('autoGeneratedDomainNameLabelScope')]"
            },
            "resources": [
                {
                    "type": "Microsoft.Web/sites/basicPublishingCredentialsPolicies",
                    "apiVersion": "2022-09-01",
                    "name": "[concat(parameters('name'), '/scm')]",
                    "properties": {
                        "allow": false
                    },
                    "dependsOn": [
                        "[resourceId('Microsoft.Web/Sites', parameters('name'))]"
                    ]
                },
                {
                    "type": "Microsoft.Web/sites/basicPublishingCredentialsPolicies",
                    "apiVersion": "2022-09-01",
                    "name": "[concat(parameters('name'), '/ftp')]",
                    "properties": {
                        "allow": false
                    },
                    "dependsOn": [
                        "[resourceId('Microsoft.Web/Sites', parameters('name'))]"
                    ]
                },
                {
                    "type": "sourcecontrols",
                    "name": "web",
                    "apiVersion": "2020-12-01",
                    "properties": {
                        "RepoUrl": "[parameters('repoUrl')]",
                        "branch": "[parameters('branch')]",
                        "IsManualIntegration": false,
                        "deploymentRollbackEnabled": false,
                        "isMercurial": false,
                        "isGitHubAction": true,
                        "gitHubActionConfiguration": {
                            "generateWorkflowFile": true,
                            "workflowSettings": {
                                "appType": "webapp",
                                "authType": "oidc",
                                "publishType": "code",
                                "os": "windows",
                                "runtimeStack": "dotnet",
                                "workflowApiVersion": "2022-10-01",
                                "slotName": "Production",
                                "variables": {
                                    "runtimeVersion": "8.x",
                                    "resourceGroup": "multisoftenterprise",
                                    "clientId": "[reference(resourceId('Microsoft.ManagedIdentity/userAssignedIdentities', parameters('oidcUserIdentityName')), '2018-11-30').clientId]",
                                    "tenantId": "[reference(resourceId('Microsoft.ManagedIdentity/userAssignedIdentities', parameters('oidcUserIdentityName')), '2018-11-30').tenantId]"
                                }
                            }
                        }
                    },
                    "dependsOn": [
                        "[resourceId('Microsoft.Web/Sites', parameters('name'))]",
                        "[resourceId('Microsoft.ManagedIdentity/userAssignedIdentities', parameters('oidcUserIdentityName'))]"
                    ]
                }
            ]
        },
        {
            "apiVersion": "2018-11-30",
            "name": "[parameters('oidcUserIdentityName')]",
            "type": "Microsoft.ManagedIdentity/userAssignedIdentities",
            "location": "[parameters('location')]",
            "dependsOn": [
                "[resourceId('Microsoft.Web/Sites', parameters('name'))]"
            ],
            "properties": {},
            "resources": [
                {
                    "apiVersion": "2022-01-31-preview",
                    "name": "[uniqueString(resourceGroup().id)]",
                    "type": "federatedIdentityCredentials",
                    "dependsOn": [
                        "[resourceId('Microsoft.ManagedIdentity/userAssignedIdentities', parameters('oidcUserIdentityName'))]"
                    ],
                    "properties": {
                        "audiences": [
                            "api://AzureADTokenExchange"
                        ],
                        "issuer": "https://token.actions.githubusercontent.com",
                        "subject": "repo:kmarita/Trial-1:environment:Production"
                    }
                }
            ]
        },
        {
            "apiVersion": "2022-04-01",
            "name": "[guid(resourceGroup().id, deployment().name)]",
            "type": "Microsoft.Authorization/roleAssignments",
            "dependsOn": [
                "[resourceId('Microsoft.Web/Sites', parameters('name'))]",
                "[resourceId('Microsoft.ManagedIdentity/userAssignedIdentities', parameters('oidcUserIdentityName'))]"
            ],
            "scope": "[concat('Microsoft.web/sites/', parameters('name'))]",
            "properties": {
                "roleDefinitionId": "[concat('/subscriptions/', subscription().subscriptionId, '/providers/Microsoft.Authorization/roleDefinitions/de139f84-1756-47ae-9be6-808fbbe84772')]",
                "principalId": "[reference(resourceId('Microsoft.ManagedIdentity/userAssignedIdentities', parameters('oidcUserIdentityName')), '2018-11-30').principalId]",
                "principalType": "ServicePrincipal"
            }
        },
        {
            "apiVersion": "2018-11-01",
            "name": "[parameters('hostingPlanName')]",
            "type": "Microsoft.Web/serverfarms",
            "location": "[parameters('location')]",
            "kind": "",
            "tags": {},
            "dependsOn": [],
            "properties": {
                "name": "[parameters('hostingPlanName')]",
                "workerSize": "[parameters('workerSize')]",
                "workerSizeId": "[parameters('workerSizeId')]",
                "numberOfWorkers": "[parameters('numberOfWorkers')]",
                "zoneRedundant": false
            },
            "sku": {
                "Tier": "[parameters('sku')]",
                "Name": "[parameters('skuCode')]"
            }
        },
        {
            "apiVersion": "2020-02-02-preview",
            "name": "multisoftenterprise",
            "type": "microsoft.insights/components",
            "location": "northeurope",
            "tags": {},
            "dependsOn": [],
            "properties": {
                "ApplicationId": "[parameters('name')]",
                "Request_Source": "IbizaWebAppExtensionCreate",
                "Flow_Type": "Redfield",
                "Application_Type": "web",
                "WorkspaceResourceId": "/subscriptions/221b6138-49d8-4cf6-b67b-c3f5de5554cb/resourceGroups/DefaultResourceGroup-NEU/providers/Microsoft.OperationalInsights/workspaces/DefaultWorkspace-221b6138-49d8-4cf6-b67b-c3f5de5554cb-NEU"
            }
        },
        {
            "type": "Microsoft.Resources/deployments",
            "apiVersion": "2021-04-01",
            "name": "[uniqueString(subscription().subscriptionId, 'AppServices')]",
            "subscriptionId": "[subscription().subscriptionId]",
            "location": "[parameters('location')]",
            "properties": {
                "mode": "Incremental",
                "template": {
                    "$schema": "https://schema.management.azure.com/schemas/2015-01-01/deploymentTemplate.json#",
                    "contentVersion": "1.0.0.0",
                    "parameters": {},
                    "variables": {},
                    "resources": [
                        {
                            "apiVersion": "2024-01-01",
                            "name": "AppServices",
                            "type": "Microsoft.Security/pricings",
                            "properties": {
                                "pricingTier": "Standard"
                            }
                        }
                    ]
                }
            }
        }
    ]
}