{
    "$schema": "https://schema.management.azure.com/schemas/2015-01-01/deploymentParameters.json#",
    "contentVersion": "1.0.0.0",
    "parameters": {
        "vulnerabilityAssessments_Default_storageContainerPath": {
            "value": null
        },
        "servers_multisoftserver_name": {
            "value": null
        },
        "sites_multisoftenterprise_name": {
            "value": null
        },
        "publicIPAddresses_IPWall_name": {
            "value": null
        },
        "privateEndpoints_Multisoft_name": {
            "value": null
        },
        "actionGroups_DBactiongroup_name": {
            "value": null
        },
        "publicIPAddresses_FirewallP_name": {
            "value": null
        },
        "metricAlerts_High_CPU_Alert_name": {
            "value": null
        },
        "accounts_multisoftenterprise_name": {
            "value": null
        },
        "virtualNetworks_MultisoftNet_name": {
            "value": null
        },
        "actionGroups_erroractiongroup_name": {
            "value": null
        },
        "components_multisoftenterprise_name": {
            "value": null
        },
        "storageAccounts_multisoftstorage_name": {
            "value": null
        },
        "publicIPAddresses_addressfirewall_name": {
            "value": null
        },
        "networkSecurityGroups_MultisoftNSG_name": {
            "value": null
        },
        "serverfarms_ASP_multisoftenterprise_897b_name": {
            "value": null
        },
        "scheduledqueryrules_App_Failures_Alert_name": {
            "value": null
        },
        "scheduledqueryrules_High_DB_Response_Time_name": {
            "value": null
        },
        "workspaces_log_multisoft_monitor_name": {
            "value": null
        },
        "privateDnsZones_privatelink_database_windows_net_name": {
            "value": null
        },
        "userAssignedIdentities_multisoftenterpr_id_a991_name": {
            "value": null
        },
        "workspaces_DefaultWorkspace_221b6138_49d8_4cf6_b67b_c3f5de5554cb_NEU_externalid": {
            "value": null
        },
        "service_multisoftenterprise_apim_externalid": {
            "value": null
        }
    }
}