{
    "$schema": "https://schema.management.azure.com/schemas/2015-01-01/deploymentParameters.json#",
    "contentVersion": "1.0.0.0",
    "parameters": {
        "location": {
            "value": "northeurope"
        },
        "resourceGroup": {
            "value": "multisoftenterprise"
        },
        "azureFirewallName": {
            "value": "Multisoftfirewall"
        },
        "azureFirewallTier": {
            "value": "Standard"
        },
        "vnetName": {
            "value": ""
        },
        "vnetAddressSpace": {
            "value": ""
        },
        "vnetAddressSpaceV6": {
            "value": ""
        },
        "subnetAddressSpace": {
            "value": ""
        },
        "subnetAddressSpaceV6": {
            "value": ""
        },
        "azureFirewallManagementSubnet": {
            "value": "AzureFirewallManagementSubnet"
        },
        "tunnelingSubnetAddressSpace": {
            "value": ""
        },
        "subnetId": {
            "value": "/subscriptions/221b6138-49d8-4cf6-b67b-c3f5de5554cb/resourceGroups/multisoftenterprise/providers/Microsoft.Network/virtualNetworks/MultisoftNet/subnets/AzureFirewallSubnet"
        },
        "managementSubnetId": {
            "value": "/subscriptions/221b6138-49d8-4cf6-b67b-c3f5de5554cb/resourceGroups/multisoftenterprise/providers/Microsoft.Network/virtualNetworks/MultisoftNet/subnets/AzureFirewallManagementSubnet"
        },
        "zones": {
            "value": [
                "1"
            ]
        },
        "managementPublicIpAddressName": {
            "value": "multisoftfirewallP"
        },
        "managementPublicIpZones": {
            "value": [
                "1"
            ]
        },
        "publicIpAddressName": {
            "value": "multisoft_firewallP"
        },
        "publicIpZones": {
            "value": [
                "1"
            ]
        },
        "publicIpV6AddressName": {
            "value": "IpV6Conf"
        }
    }
}